vehicle,period,signal,signal_present,expected_start,expected_end_exclusive,input_record_count,invalid_timestamp_count,invalid_numeric_count,duplicate_timestamp_count,outlier_value_count,outside_period_count,interval_candidate_count,valid_interval_count,nonpositive_interval_count,long_gap_count,removed_interval_count,removed_interval_pct,valid_time_hours,first_timestamp,last_timestamp,expected_period_hours,start_delay_hours,end_shortfall_hours,observed_span_pct,reset_count,excessive_rate_count,valid_increment_count,removed_increment_count,removed_increment_pct,threshold_record_count,distinct_event_count
HDV_01,before,vehicle_speed,True,2026-04-18 00:00:00+09:00,2026-05-18 00:00:00+09:00,27308,0,0,0,0,0,27307,26702,0,605,605,2.2155491265975757,132.90017722222223,2026-04-18 00:09:03.083000+09:00,2026-05-17 23:59:22.077000+09:00,720.0,0.1508563888888889,0.010534166666666667,99.97758464506173,,,,,,,
HDV_01,before,engine_rpm,True,2026-04-18 00:00:00+09:00,2026-05-18 00:00:00+09:00,6946,0,0,0,0,0,6945,6162,0,783,783,11.274298056155507,59.304001944444444,2026-04-18 00:09:03.060000+09:00,2026-05-17 23:14:55.023000+09:00,720.0,0.15084999999999998,0.7513825,99.87468993055556,,,,,,,
HDV_01,before,fuel_used,True,2026-04-18 00:00:00+09:00,2026-05-18 00:00:00+09:00,5651,0,0,0,0,0,5650,4782,0,868,868,15.36283185840708,45.59825972222222,2026-04-18 00:09:39.917000+09:00,2026-05-17 23:30:47.037000+09:00,720.0,0.16108805555555555,0.48693416666666667,99.90999691358026,0.0,0.0,5650.0,0.0,0.0,,
HDV_01,before,odometer,True,2026-04-18 00:00:00+09:00,2026-05-18 00:00:00+09:00,5443,0,0,0,0,0,5442,4810,0,632,632,11.61337743476663,136.19427222222222,2026-04-18 00:09:03.060000+09:00,2026-05-17 23:59:26.523000+09:00,720.0,0.15084999999999998,0.009299166666666666,99.97775706018518,0.0,0.0,5442.0,0.0,0.0,,
HDV_01,before,raw_odometer,True,2026-04-18 00:00:00+09:00,2026-05-18 00:00:00+09:00,5443,0,0,0,0,0,5442,4810,0,632,632,11.61337743476663,136.19427222222222,2026-04-18 00:09:03.060000+09:00,2026-05-17 23:59:26.523000+09:00,720.0,0.15084999999999998,0.009299166666666666,99.97775706018518,0.0,0.0,5442.0,0.0,0.0,,
HDV_01,before,incremental_distance,False,2026-04-18 00:00:00+09:00,2026-05-18 00:00:00+09:00,0,0,0,0,0,0,0,0,0,0,0,,0.0,,,720.0,,,0.0,,,,,,,
HDV_01,before,coolant_temp,True,2026-04-18 00:00:00+09:00,2026-05-18 00:00:00+09:00,3692,0,0,0,0,0,3691,2773,0,918,918,24.87130858845841,57.44230388888889,2026-04-18 00:09:03.060000+09:00,2026-05-17 23:55:46.113000+09:00,720.0,0.15084999999999998,0.07052416666666667,99.96925358796295,,,,,,,
HDV_01,before,forward_braking,True,2026-04-18 00:00:00+09:00,2026-05-18 00:00:00+09:00,947,0,0,0,0,0,946,737,0,209,209,22.093023255813954,1.9123386111111111,2026-04-18 01:37:26.800000+09:00,2026-05-17 19:55:58.147000+09:00,720.0,1.624111111111111,4.067181388888889,99.20954270833333,,,,,,2.0,2.0
HDV_01,before,side_acceleration,True,2026-04-18 00:00:00+09:00,2026-05-18 00:00:00+09:00,1123,0,0,0,0,0,1122,913,0,209,209,18.627450980392158,1.9123386111111111,2026-04-18 01:37:26.800000+09:00,2026-05-17 19:55:58.147000+09:00,720.0,1.624111111111111,4.067181388888889,99.20954270833333,,,,,,9.0,7.0
HDV_01,before,up_down_acceleration,True,2026-04-18 00:00:00+09:00,2026-05-18 00:00:00+09:00,1474,0,0,0,0,0,1473,1264,0,209,209,14.188730482009504,1.9123386111111111,2026-04-18 01:37:26.800000+09:00,2026-05-17 19:55:58.147000+09:00,720.0,1.624111111111111,4.067181388888889,99.20954270833333,,,,,,,
HDV_02,before,vehicle_speed,True,2026-04-18 00:00:00+09:00,2026-05-18 00:00:00+09:00,26627,0,0,0,0,0,26626,26236,0,390,390,1.4647337189213552,130.99600805555554,2026-04-18 00:43:13.610000+09:00,2026-05-16 13:44:17.037000+09:00,720.0,0.7204472222222222,34.26193416666667,95.14133591820989,,,,,,,
HDV_02,before,engine_rpm,True,2026-04-18 00:00:00+09:00,2026-05-18 00:00:00+09:00,6194,0,0,0,0,0,6193,5581,0,612,612,9.88212497981592,59.42210027777777,2026-04-18 00:43:13.573000+09:00,2026-05-16 13:43:09.027000+09:00,720.0,0.7204369444444444,34.28082583333333,95.13871350308641,,,,,,,
HDV_02,before,fuel_used,True,2026-04-18 00:00:00+09:00,2026-05-18 00:00:00+09:00,3960,0,0,0,0,0,3959,3302,0,657,657,16.595099772669865,34.458149999999996,2026-04-18 00:43:18.613000+09:00,2026-05-16 13:44:19.687000+09:00,720.0,0.7218369444444444,34.26119805555555,95.14124513888889,0.0,0.0,3959.0,0.0,0.0,,
HDV_02,before,odometer,True,2026-04-18 00:00:00+09:00,2026-05-18 00:00:00+09:00,4666,0,0,0,0,0,4665,4222,0,443,443,9.496248660235798,120.31317305555554,2026-04-18 00:43:13.573000+09:00,2026-05-16 13:44:19.687000+09:00,720.0,0.7204369444444444,34.26119805555555,95.14143958333334,0.0,0.0,4665.0,0.0,0.0,,
HDV_02,before,raw_odometer,True,2026-04-18 00:00:00+09:00,2026-05-18 00:00:00+09:00,4666,0,0,0,0,0,4665,4222,0,443,443,9.496248660235798,120.31317305555554,2026-04-18 00:43:13.573000+09:00,2026-05-16 13:44:19.687000+09:00,720.0,0.7204369444444444,34.26119805555555,95.14143958333334,0.0,0.0,4665.0,0.0,0.0,,
HDV_02,before,incremental_distance,False,2026-04-18 00:00:00+09:00,2026-05-18 00:00:00+09:00,0,0,0,0,0,0,0,0,0,0,0,,0.0,,,720.0,,,0.0,,,,,,,
HDV_02,before,coolant_temp,True,2026-04-18 00:00:00+09:00,2026-05-18 00:00:00+09:00,1483,0,0,0,0,0,1482,875,0,607,607,40.958164642375166,22.96723972222222,2026-04-18 00:43:14.057000+09:00,2026-05-16 13:44:17.673000+09:00,720.0,0.7205713888888888,34.2617575,95.14134320987654,,,,,,,
HDV_02,before,forward_braking,True,2026-04-18 00:00:00+09:00,2026-05-18 00:00:00+09:00,1514,0,0,0,0,0,1513,1267,0,246,246,16.259087904824852,5.75877,2026-04-18 01:46:11.107000+09:00,2026-05-16 13:42:50.173000+09:00,720.0,1.7697519444444445,34.28606305555556,94.99224791666667,,,,,,8.0,8.0
HDV_02,before,side_acceleration,True,2026-04-18 00:00:00+09:00,2026-05-18 00:00:00+09:00,1715,0,0,0,0,0,1714,1468,0,246,246,14.352392065344224,5.758808888888889,2026-04-18 01:46:11.107000+09:00,2026-05-16 13:42:50.173000+09:00,720.0,1.7697519444444445,34.28606305555556,94.99224791666667,,,,,,35.0,32.0
HDV_02,before,up_down_acceleration,True,2026-04-18 00:00:00+09:00,2026-05-18 00:00:00+09:00,2406,0,0,0,0,0,2405,2159,0,246,246,10.22869022869023,5.758808888888889,2026-04-18 01:46:11.107000+09:00,2026-05-16 13:42:50.173000+09:00,720.0,1.7697519444444445,34.28606305555556,94.99224791666667,,,,,,,
HDV_03,before,vehicle_speed,True,2026-04-18 00:00:00+09:00,2026-05-18 00:00:00+09:00,36500,0,0,0,0,0,36499,35932,0,567,567,1.553467218279953,167.30676527777777,2026-04-18 00:08:19.093000+09:00,2026-05-17 23:45:11.003000+09:00,720.0,0.13863694444444444,0.2469436111111111,99.94644714506174,,,,,,,
HDV_03,before,engine_rpm,True,2026-04-18 00:00:00+09:00,2026-05-18 00:00:00+09:00,7163,0,0,0,0,0,7162,6292,0,870,870,12.147444847807874,64.15203166666667,2026-04-18 00:08:19.003000+09:00,2026-05-17 23:45:02.023000+09:00,720.0,0.13861194444444444,0.24943805555555554,99.94610416666666,,,,,,,
HDV_03,before,fuel_used,True,2026-04-18 00:00:00+09:00,2026-05-18 00:00:00+09:00,6469,0,0,0,0,0,6468,5536,0,932,932,14.40940012368584,53.71578611111111,2026-04-18 00:08:20.020000+09:00,2026-05-17 23:45:09.610000+09:00,720.0,0.13889444444444443,0.24733055555555555,99.94635763888888,0.0,0.0,6468.0,0.0,0.0,,
HDV_03,before,odometer,True,2026-04-18 00:00:00+09:00,2026-05-18 00:00:00+09:00,5580,0,0,0,0,0,5579,4931,0,648,648,11.614984764294677,143.42747833333334,2026-04-18 00:16:48.567000+09:00,2026-05-17 18:25:05.813000+09:00,720.0,0.2801575,5.5817186111111114,99.18585054012344,0.0,0.0,5579.0,0.0,0.0,,
HDV_03,before,raw_odometer,True,2026-04-18 00:00:00+09:00,2026-05-18 00:00:00+09:00,5580,0,0,0,0,0,5579,4931,0,648,648,11.614984764294677,143.42747833333334,2026-04-18 00:16:48.567000+09:00,2026-05-17 18:25:05.813000+09:00,720.0,0.2801575,5.5817186111111114,99.18585054012344,0.0,0.0,5579.0,0.0,0.0,,
HDV_03,before,incremental_distance,False,2026-04-18 00:00:00+09:00,2026-05-18 00:00:00+09:00,0,0,0,0,0,0,0,0,0,0,0,,0.0,,,720.0,,,0.0,,,,,,,
HDV_03,before,coolant_temp,True,2026-04-18 00:00:00+09:00,2026-05-18 00:00:00+09:00,1690,0,0,0,0,0,1689,853,0,836,836,49.49674363528715,23.043155,2026-04-18 00:07:41.433000+09:00,2026-05-17 23:43:17.267000+09:00,720.0,0.12817583333333332,0.27853694444444443,99.94351211419753,,,,,,,
HDV_03,before,forward_braking,True,2026-04-18 00:00:00+09:00,2026-05-18 00:00:00+09:00,1296,0,0,0,0,0,1295,1051,0,244,244,18.841698841698843,3.5823269444444445,2026-04-18 01:05:06.647000+09:00,2026-05-17 18:24:09.773000+09:00,720.0,1.0851797222222221,5.597285277777777,99.07187986111111,,,,,,2.0,2.0
HDV_03,before,side_acceleration,True,2026-04-18 00:00:00+09:00,2026-05-18 00:00:00+09:00,1516,0,0,0,0,0,1515,1271,0,244,244,16.105610561056103,3.5823269444444445,2026-04-18 01:05:06.647000+09:00,2026-05-17 18:24:09.773000+09:00,720.0,1.0851797222222221,5.597285277777777,99.07187986111111,,,,,,22.0,21.0
HDV_03,before,up_down_acceleration,True,2026-04-18 00:00:00+09:00,2026-05-18 00:00:00+09:00,2092,0,0,0,0,0,2091,1847,0,244,244,11.669057867049258,3.5823269444444445,2026-04-18 01:05:06.647000+09:00,2026-05-17 18:24:09.773000+09:00,720.0,1.0851797222222221,5.597285277777777,99.07187986111111,,,,,,,
HDV_04,before,vehicle_speed,True,2026-04-18 00:00:00+09:00,2026-05-18 00:00:00+09:00,33896,0,0,0,0,0,33895,33689,0,206,206,0.6077592565275115,128.11198666666667,2026-04-20 07:16:42.073000+09:00,2026-05-15 20:25:46.117000+09:00,720.0,55.278353611111115,51.570523055555554,85.15987824074075,,,,,,,
HDV_04,before,engine_rpm,True,2026-04-18 00:00:00+09:00,2026-05-18 00:00:00+09:00,7120,0,0,0,0,0,7119,6605,0,514,514,7.2201151847169545,63.80632222222223,2026-04-20 07:10:51.263000+09:00,2026-05-15 20:24:46.027000+09:00,720.0,55.18090638888889,51.58721472222222,85.17109429012346,,,,,,,
HDV_04,before,fuel_used,True,2026-04-18 00:00:00+09:00,2026-05-18 00:00:00+09:00,745,0,0,0,0,0,744,324,0,420,420,56.451612903225815,5.098002222222221,2026-04-20 07:26:36.683000+09:00,2026-05-15 20:25:46.493000+09:00,720.0,55.44352305555555,51.570418611111116,85.13695254629631,0.0,0.0,744.0,0.0,0.0,,
HDV_04,before,odometer,True,2026-04-18 00:00:00+09:00,2026-05-18 00:00:00+09:00,7350,0,0,0,0,0,7349,7095,0,254,254,3.4562525513675326,125.99715111111111,2026-04-20 07:10:51.290000+09:00,2026-05-15 20:25:46.270000+09:00,720.0,55.18091388888889,51.570480555555555,85.1734174382716,0.0,0.0,7349.0,0.0,0.0,,
HDV_04,before,raw_odometer,True,2026-04-18 00:00:00+09:00,2026-05-18 00:00:00+09:00,7350,0,0,0,0,0,7349,7095,0,254,254,3.4562525513675326,125.99715111111111,2026-04-20 07:10:51.290000+09:00,2026-05-15 20:25:46.270000+09:00,720.0,55.18091388888889,51.570480555555555,85.1734174382716,0.0,0.0,7349.0,0.0,0.0,,
HDV_04,before,incremental_distance,True,2026-04-18 00:00:00+09:00,2026-05-18 00:00:00+09:00,4005,0,0,0,0,0,4004,3633,0,371,371,9.265734265734265,112.29605972222222,2026-04-20 07:10:51.237000+09:00,2026-05-15 20:25:46.117000+09:00,720.0,55.18089916666666,51.570523055555554,85.17341358024692,,,,,,,
HDV_04,before,coolant_temp,True,2026-04-18 00:00:00+09:00,2026-05-18 00:00:00+09:00,612,0,0,0,0,0,611,315,0,296,296,48.44517184942717,5.002172222222222,2026-04-20 07:10:51.720000+09:00,2026-05-15 20:25:43.230000+09:00,720.0,55.18103333333333,51.571324999999995,85.17328356481481,,,,,,,
HDV_04,before,forward_braking,True,2026-04-18 00:00:00+09:00,2026-05-18 00:00:00+09:00,1274,0,0,0,0,0,1273,1094,0,179,179,14.061272584446192,4.4163677777777774,2026-04-20 09:21:21.343000+09:00,2026-05-15 20:24:32.867000+09:00,720.0,57.35592861111111,51.590870277777775,84.868500154321,,,,,,5.0,5.0
HDV_04,before,side_acceleration,True,2026-04-18 00:00:00+09:00,2026-05-18 00:00:00+09:00,1446,0,0,0,0,0,1445,1266,0,179,179,12.387543252595155,4.416704999999999,2026-04-20 09:21:21.343000+09:00,2026-05-15 20:24:32.867000+09:00,720.0,57.35592861111111,51.590870277777775,84.868500154321,,,,,,29.0,28.0
HDV_04,before,up_down_acceleration,True,2026-04-18 00:00:00+09:00,2026-05-18 00:00:00+09:00,2093,0,0,0,0,0,2092,1913,0,179,179,8.55640535372849,4.417577777777778,2026-04-20 09:21:21.343000+09:00,2026-05-15 20:24:32.867000+09:00,720.0,57.35592861111111,51.590870277777775,84.868500154321,,,,,,,
LDV_01,before,vehicle_speed,True,2026-04-18 00:00:00+09:00,2026-05-18 00:00:00+09:00,25453,0,0,0,0,0,25452,25311,0,141,141,0.553983969825554,74.61303583333333,2026-04-20 09:16:30.293000+09:00,2026-05-15 17:28:53.380000+09:00,720.0,57.27508138888889,54.518505555555556,84.4731129243827,,,,,,,
LDV_01,before,engine_rpm,True,2026-04-18 00:00:00+09:00,2026-05-18 00:00:00+09:00,19117,0,0,0,0,0,19116,18934,0,182,182,0.9520820255283532,69.25217583333333,2026-04-20 09:16:30.347000+09:00,2026-05-15 17:28:53.380000+09:00,720.0,57.27509638888889,54.518505555555556,84.47311084104938,,,,,,,
LDV_01,before,fuel_used,True,2026-04-18 00:00:00+09:00,2026-05-18 00:00:00+09:00,5561,0,0,0,0,0,5560,5308,0,252,252,4.532374100719425,53.64120055555555,2026-04-20 09:16:43.973000+09:00,2026-05-15 17:29:10.550000+09:00,720.0,57.27888138888889,54.513736111111115,84.47324756944444,0.0,0.0,5560.0,0.0,0.0,,
LDV_01,before,odometer,False,2026-04-18 00:00:00+09:00,2026-05-18 00:00:00+09:00,0,0,0,0,0,0,0,0,0,0,0,,0.0,,,720.0,,,0.0,0.0,0.0,0.0,0.0,,,
LDV_01,before,raw_odometer,False,2026-04-18 00:00:00+09:00,2026-05-18 00:00:00+09:00,0,0,0,0,0,0,0,0,0,0,0,,0.0,,,720.0,,,0.0,0.0,0.0,0.0,0.0,,,
LDV_01,before,incremental_distance,True,2026-04-18 00:00:00+09:00,2026-05-18 00:00:00+09:00,1476,0,0,0,0,0,1475,1054,0,421,421,28.54237288135593,39.65337583333333,2026-04-20 09:16:29.897000+09:00,2026-05-15 17:29:10.430000+09:00,720.0,57.274971388888886,54.51376944444445,84.47378599537036,,,,,,,
LDV_01,before,coolant_temp,True,2026-04-18 00:00:00+09:00,2026-05-18 00:00:00+09:00,684,0,0,0,0,0,683,306,0,377,377,55.19765739385066,14.704856944444444,2026-04-20 09:16:34.603000+09:00,2026-05-15 17:28:49.090000+09:00,720.0,57.27627861111111,54.51969722222222,84.47278113425926,,,,,,,
LDV_01,before,forward_braking,True,2026-04-18 00:00:00+09:00,2026-05-18 00:00:00+09:00,4470,0,0,0,0,0,4469,4128,0,341,341,7.6303423584694565,17.778377777777777,2026-04-20 09:34:39.480000+09:00,2026-05-15 17:26:48.030000+09:00,720.0,57.57763333333334,54.553325,84.42625578703704,,,,,,57.0,53.0
LDV_01,before,side_acceleration,True,2026-04-18 00:00:00+09:00,2026-05-18 00:00:00+09:00,4667,0,0,0,0,0,4666,4325,0,341,341,7.308186883840549,17.778209444444446,2026-04-20 09:34:39.480000+09:00,2026-05-15 17:26:48.030000+09:00,720.0,57.57763333333334,54.553325,84.42625578703704,,,,,,89.0,73.0
LDV_01,before,up_down_acceleration,True,2026-04-18 00:00:00+09:00,2026-05-18 00:00:00+09:00,6923,0,0,0,0,0,6922,6581,0,341,341,4.926321872291245,17.77855472222222,2026-04-20 09:34:39.480000+09:00,2026-05-15 17:26:48.030000+09:00,720.0,57.57763333333334,54.553325,84.42625578703704,,,,,,,
LDV_02,before,vehicle_speed,True,2026-04-18 00:00:00+09:00,2026-05-18 00:00:00+09:00,21337,0,0,0,0,0,21336,21154,0,182,182,0.8530183727034121,56.48669805555556,2026-04-20 09:19:58.910000+09:00,2026-05-15 17:29:54.367000+09:00,720.0,57.33303055555556,54.50156472222222,84.46741732253086,,,,,,,
LDV_02,before,engine_rpm,True,2026-04-18 00:00:00+09:00,2026-05-18 00:00:00+09:00,14558,0,0,0,0,0,14557,14348,0,209,209,1.435735385038126,53.13810277777778,2026-04-20 09:19:58.967000+09:00,2026-05-15 17:29:57.973000+09:00,720.0,57.33304638888889,54.50056305555555,84.46755424382717,,,,,,,
LDV_02,before,fuel_used,True,2026-04-18 00:00:00+09:00,2026-05-18 00:00:00+09:00,3759,0,0,0,0,0,3758,3460,0,298,298,7.929749866950505,34.68204583333334,2026-04-20 09:20:12.540000+09:00,2026-05-15 17:30:20.770000+09:00,720.0,57.33681666666667,54.49423055555556,84.4679101080247,0.0,0.0,3758.0,0.0,0.0,,
LDV_02,before,odometer,False,2026-04-18 00:00:00+09:00,2026-05-18 00:00:00+09:00,0,0,0,0,0,0,0,0,0,0,0,,0.0,,,720.0,,,0.0,0.0,0.0,0.0,0.0,,,
LDV_02,before,raw_odometer,False,2026-04-18 00:00:00+09:00,2026-05-18 00:00:00+09:00,0,0,0,0,0,0,0,0,0,0,0,,0.0,,,720.0,,,0.0,0.0,0.0,0.0,0.0,,,
LDV_02,before,incremental_distance,True,2026-04-18 00:00:00+09:00,2026-05-18 00:00:00+09:00,1253,0,0,0,0,0,1252,860,0,392,392,31.309904153354633,29.964156666666668,2026-04-20 09:19:58.467000+09:00,2026-05-15 17:30:20.647000+09:00,720.0,57.332907500000005,54.494264722222226,84.46844830246914,,,,,,,
LDV_02,before,coolant_temp,True,2026-04-18 00:00:00+09:00,2026-05-18 00:00:00+09:00,586,0,0,0,0,0,585,188,0,397,397,67.86324786324786,8.794250555555557,2026-04-20 09:20:03.387000+09:00,2026-05-15 17:29:57.973000+09:00,720.0,57.33427416666666,54.50056305555555,84.46738371913581,,,,,,,
LDV_02,before,forward_braking,True,2026-04-18 00:00:00+09:00,2026-05-18 00:00:00+09:00,1227,0,0,0,0,0,1226,993,0,233,233,19.00489396411093,5.4319580555555556,2026-04-20 09:29:32.687000+09:00,2026-05-15 17:29:27.397000+09:00,720.0,57.49241305555556,54.50905638888889,84.44424035493827,,,,,,3.0,3.0
LDV_02,before,side_acceleration,True,2026-04-18 00:00:00+09:00,2026-05-18 00:00:00+09:00,1307,0,0,0,0,0,1306,1073,0,233,233,17.84073506891271,5.433115555555555,2026-04-20 09:29:32.687000+09:00,2026-05-15 17:29:27.397000+09:00,720.0,57.49241305555556,54.50905638888889,84.44424035493827,,,,,,10.0,10.0
LDV_02,before,up_down_acceleration,True,2026-04-18 00:00:00+09:00,2026-05-18 00:00:00+09:00,2035,0,0,0,0,0,2034,1801,0,233,233,11.455260570304818,5.433281388888889,2026-04-20 09:29:32.687000+09:00,2026-05-15 17:29:27.397000+09:00,720.0,57.49241305555556,54.50905638888889,84.44424035493827,,,,,,,
LDV_03,before,vehicle_speed,True,2026-04-18 00:00:00+09:00,2026-05-18 00:00:00+09:00,35254,0,0,0,0,0,35253,35020,0,233,233,0.6609366578730889,104.24582555555554,2026-04-20 09:17:25.333000+09:00,2026-05-15 18:03:45.127000+09:00,720.0,57.29037027777778,53.93746472222222,84.55168958333334,,,,,,,
LDV_03,before,engine_rpm,True,2026-04-18 00:00:00+09:00,2026-05-18 00:00:00+09:00,24070,0,0,0,0,0,24069,23795,0,274,274,1.1383937845361254,98.18886583333334,2026-04-20 09:17:25.383000+09:00,2026-05-15 18:03:45.127000+09:00,720.0,57.29038416666667,53.93746472222222,84.55168765432097,,,,,,,
LDV_03,before,fuel_used,True,2026-04-18 00:00:00+09:00,2026-05-18 00:00:00+09:00,8847,0,0,0,0,0,8846,8513,0,333,333,3.764413294144246,88.05220000000001,2026-04-20 09:17:37.957000+09:00,2026-05-15 18:04:01.387000+09:00,720.0,57.29387694444444,53.932948055555556,84.55182986111112,0.0,2.0,8844.0,2.0,0.022609088853719195,,
LDV_03,before,odometer,False,2026-04-18 00:00:00+09:00,2026-05-18 00:00:00+09:00,0,0,0,0,0,0,0,0,0,0,0,,0.0,,,720.0,,,0.0,0.0,0.0,0.0,0.0,,,
LDV_03,before,raw_odometer,False,2026-04-18 00:00:00+09:00,2026-05-18 00:00:00+09:00,0,0,0,0,0,0,0,0,0,0,0,,0.0,,,720.0,,,0.0,0.0,0.0,0.0,0.0,,,
LDV_03,before,incremental_distance,True,2026-04-18 00:00:00+09:00,2026-05-18 00:00:00+09:00,1938,0,0,0,0,0,1937,1296,0,641,641,33.09241094475993,54.19456777777778,2026-04-20 09:17:24.883000+09:00,2026-05-15 18:04:01.257000+09:00,720.0,57.29024527777778,53.932984166666664,84.55232924382715,,,,,,,
LDV_03,before,coolant_temp,True,2026-04-18 00:00:00+09:00,2026-05-18 00:00:00+09:00,1327,0,0,0,0,0,1326,758,0,568,568,42.835595776772244,39.09336916666667,2026-04-20 09:17:29.200000+09:00,2026-05-15 18:03:45.127000+09:00,720.0,57.291444444444444,53.93746472222222,84.55154039351852,,,,,,,
LDV_03,before,forward_braking,True,2026-04-18 00:00:00+09:00,2026-05-18 00:00:00+09:00,5397,0,0,0,0,0,5396,4933,0,463,463,8.58042994810971,23.628944444444446,2026-04-20 09:19:48.507000+09:00,2026-05-15 18:01:39.743000+09:00,720.0,57.33014083333334,53.97229361111111,84.54132854938273,,,,,,23.0,21.0
LDV_03,before,side_acceleration,True,2026-04-18 00:00:00+09:00,2026-05-18 00:00:00+09:00,6472,0,0,0,0,0,6471,6008,0,463,463,7.154999227321898,23.628932222222222,2026-04-20 09:19:48.507000+09:00,2026-05-15 18:01:39.743000+09:00,720.0,57.33014083333334,53.97229361111111,84.54132854938273,,,,,,124.0,101.0
LDV_03,before,up_down_acceleration,True,2026-04-18 00:00:00+09:00,2026-05-18 00:00:00+09:00,9093,0,0,0,0,0,9092,8629,0,463,463,5.0923889133304,23.62908138888889,2026-04-20 09:19:48.507000+09:00,2026-05-15 18:01:39.743000+09:00,720.0,57.33014083333334,53.97229361111111,84.54132854938273,,,,,,,
LDV_04,before,vehicle_speed,True,2026-04-18 00:00:00+09:00,2026-05-18 00:00:00+09:00,27430,0,0,0,0,0,27429,27225,0,204,204,0.7437383790878268,71.09293166666667,2026-04-20 09:29:52.813000+09:00,2026-05-15 18:10:59.647000+09:00,720.0,57.49800361111111,53.816764722222224,84.53961550925925,,,,,,,
LDV_04,before,engine_rpm,True,2026-04-18 00:00:00+09:00,2026-05-18 00:00:00+09:00,27830,0,0,0,0,0,27829,27601,0,228,228,0.8192892306586654,67.81272,2026-04-20 09:29:52.933000+09:00,2026-05-15 18:10:59.647000+09:00,720.0,57.49803694444444,53.816764722222224,84.53961087962963,,,,,,,
LDV_04,before,fuel_used,True,2026-04-18 00:00:00+09:00,2026-05-18 00:00:00+09:00,5752,0,0,0,0,0,5751,5443,0,308,308,5.3555903321161535,49.810027222222224,2026-04-20 09:30:02.513000+09:00,2026-05-15 18:11:09.430000+09:00,720.0,57.50069805555556,53.81404722222222,84.53961871141975,1.0,0.0,5750.0,1.0,0.01738828029907842,,
LDV_04,before,odometer,True,2026-04-18 00:00:00+09:00,2026-05-18 00:00:00+09:00,1479,0,0,0,0,0,1478,1026,0,452,452,30.581867388362653,39.447473055555555,2026-04-20 09:29:57.647000+09:00,2026-05-15 18:11:09.307000+09:00,720.0,57.49934638888889,53.81408138888889,84.53980169753088,0.0,0.0,1478.0,0.0,0.0,,
LDV_04,before,raw_odometer,True,2026-04-18 00:00:00+09:00,2026-05-18 00:00:00+09:00,1479,0,0,0,0,0,1478,1026,0,452,452,30.581867388362653,39.447473055555555,2026-04-20 09:29:57.647000+09:00,2026-05-15 18:11:09.307000+09:00,720.0,57.49934638888889,53.81408138888889,84.53980169753088,0.0,0.0,1478.0,0.0,0.0,,
LDV_04,before,incremental_distance,True,2026-04-18 00:00:00+09:00,2026-05-18 00:00:00+09:00,2,0,0,0,0,0,1,0,0,1,1,100.0,0.0,2026-04-29 15:55:51.813000+09:00,2026-04-29 16:05:07.890000+09:00,720.0,279.93105916666667,439.91447500000004,0.021453587962962962,,,,,,,
LDV_04,before,coolant_temp,False,2026-04-18 00:00:00+09:00,2026-05-18 00:00:00+09:00,0,0,0,0,0,0,0,0,0,0,0,,0.0,,,720.0,,,0.0,,,,,,,
LDV_04,before,forward_braking,True,2026-04-18 00:00:00+09:00,2026-05-18 00:00:00+09:00,6388,0,0,0,0,0,6387,6055,0,332,332,5.198058556442774,26.545542222222224,2026-04-20 09:30:16.383000+09:00,2026-05-15 18:04:58.183000+09:00,720.0,57.50455083333333,53.91717138888889,84.52476080246913,,,,,,196.0,185.0
LDV_04,before,side_acceleration,True,2026-04-18 00:00:00+09:00,2026-05-18 00:00:00+09:00,6388,0,0,0,0,0,6387,6055,0,332,332,5.198058556442774,26.545525555555557,2026-04-20 09:30:16.383000+09:00,2026-05-15 18:04:58.183000+09:00,720.0,57.50455083333333,53.91717138888889,84.52476080246913,,,,,,198.0,168.0
LDV_04,before,up_down_acceleration,True,2026-04-18 00:00:00+09:00,2026-05-18 00:00:00+09:00,9685,0,0,0,0,0,9684,9352,0,332,332,3.4283353985956215,26.54579777777778,2026-04-20 09:30:16.383000+09:00,2026-05-15 18:04:58.183000+09:00,720.0,57.50455083333333,53.91717138888889,84.52476080246913,,,,,,,
LDV_05,before,vehicle_speed,True,2026-04-19 00:00:00+09:00,2026-05-19 00:00:00+09:00,33099,0,0,0,0,0,33098,32810,0,288,288,0.8701432110701552,85.48537222222222,2026-04-20 08:14:56.387000+09:00,2026-05-18 18:21:23.997000+09:00,720.0,32.24899638888889,5.6433341666666665,94.73717631172838,,,,,,,
LDV_05,before,engine_rpm,True,2026-04-19 00:00:00+09:00,2026-05-19 00:00:00+09:00,29857,0,0,0,0,0,29856,29561,0,295,295,0.9880760986066452,84.72688083333334,2026-04-20 08:14:56.440000+09:00,2026-05-18 18:21:23.997000+09:00,720.0,32.24901111111111,5.6433341666666665,94.73717426697532,,,,,,,
LDV_05,before,fuel_used,True,2026-04-19 00:00:00+09:00,2026-05-19 00:00:00+09:00,6847,0,0,0,0,0,6846,6495,0,351,351,5.127081507449606,75.9547488888889,2026-04-20 08:15:07.063000+09:00,2026-05-18 18:21:39.513000+09:00,720.0,32.251961944444446,5.639024166666667,94.73736304012347,1.0,0.0,6845.0,1.0,0.014607069821793748,,
LDV_05,before,odometer,False,2026-04-19 00:00:00+09:00,2026-05-19 00:00:00+09:00,0,0,0,0,0,0,0,0,0,0,0,,0.0,,,720.0,,,0.0,0.0,0.0,0.0,0.0,,,
LDV_05,before,raw_odometer,False,2026-04-19 00:00:00+09:00,2026-05-19 00:00:00+09:00,0,0,0,0,0,0,0,0,0,0,0,,0.0,,,720.0,,,0.0,0.0,0.0,0.0,0.0,,,
LDV_05,before,incremental_distance,True,2026-04-19 00:00:00+09:00,2026-05-19 00:00:00+09:00,1798,0,0,0,0,0,1797,1190,0,607,607,33.77851975514747,46.631886944444446,2026-04-20 08:14:56.717000+09:00,2026-05-18 18:21:39.390000+09:00,720.0,32.24908805555555,5.639058333333334,94.73775744598765,,,,,,,
LDV_05,before,coolant_temp,True,2026-04-19 00:00:00+09:00,2026-05-19 00:00:00+09:00,1244,0,0,0,0,0,1243,672,0,571,571,45.93724859211585,28.760481388888888,2026-04-20 08:15:01.540000+09:00,2026-05-18 18:21:12.027000+09:00,720.0,32.25042777777777,5.646659166666667,94.7365157021605,,,,,,,
LDV_05,before,forward_braking,True,2026-04-19 00:00:00+09:00,2026-05-19 00:00:00+09:00,12148,0,0,0,0,0,12147,11693,0,454,454,3.7375483658516506,47.150912777777776,2026-04-20 08:15:12.550000+09:00,2026-05-18 18:21:07.573000+09:00,720.0,32.25348611111111,5.6478963888888885,94.73591909722224,,,,,,242.0,233.0
LDV_05,before,side_acceleration,True,2026-04-19 00:00:00+09:00,2026-05-19 00:00:00+09:00,13535,0,0,0,0,0,13534,13080,0,454,454,3.3545145559332052,47.15099055555555,2026-04-20 08:15:12.550000+09:00,2026-05-18 18:21:07.573000+09:00,720.0,32.25348611111111,5.6478963888888885,94.73591909722224,,,,,,472.0,381.0
LDV_05,before,up_down_acceleration,True,2026-04-19 00:00:00+09:00,2026-05-19 00:00:00+09:00,19558,0,0,0,0,0,19557,19103,0,454,454,2.3214194406095006,47.151565000000005,2026-04-20 08:15:12.550000+09:00,2026-05-18 18:21:07.573000+09:00,720.0,32.25348611111111,5.6478963888888885,94.73591909722224,,,,,,,
LDV_06,before,vehicle_speed,True,2026-04-19 00:00:00+09:00,2026-05-19 00:00:00+09:00,25590,0,0,0,0,0,25589,25318,0,271,271,1.0590488100355622,60.177235833333334,2026-04-20 07:56:36.360000+09:00,2026-05-18 17:31:44.177000+09:00,720.0,31.943433333333335,6.471061944444444,94.66465343364196,,,,,,,
LDV_06,before,engine_rpm,True,2026-04-19 00:00:00+09:00,2026-05-19 00:00:00+09:00,25938,0,0,0,0,0,25937,25663,0,274,274,1.0564059066198865,59.655613611111114,2026-04-20 07:56:36.417000+09:00,2026-05-18 17:31:44.177000+09:00,720.0,31.943449166666667,6.471061944444444,94.66465123456788,,,,,,,
LDV_06,before,fuel_used,True,2026-04-19 00:00:00+09:00,2026-05-19 00:00:00+09:00,4963,0,0,0,0,0,4962,4663,0,299,299,6.025796049979847,54.242930833333325,2026-04-20 07:57:56.593000+09:00,2026-05-18 17:31:59.487000+09:00,720.0,31.965720277777777,6.466809166666667,94.6621486882716,0.0,0.0,4962.0,0.0,0.0,,
LDV_06,before,odometer,False,2026-04-19 00:00:00+09:00,2026-05-19 00:00:00+09:00,0,0,0,0,0,0,0,0,0,0,0,,0.0,,,720.0,,,0.0,0.0,0.0,0.0,0.0,,,
LDV_06,before,raw_odometer,False,2026-04-19 00:00:00+09:00,2026-05-19 00:00:00+09:00,0,0,0,0,0,0,0,0,0,0,0,,0.0,,,720.0,,,0.0,0.0,0.0,0.0,0.0,,,
LDV_06,before,incremental_distance,True,2026-04-19 00:00:00+09:00,2026-05-19 00:00:00+09:00,1187,0,0,0,0,0,1186,692,0,494,494,41.65261382799326,30.483719166666667,2026-04-20 07:56:35.910000+09:00,2026-05-18 17:31:59.367000+09:00,720.0,31.943308333333334,6.4668425,94.6652568287037,,,,,,,
LDV_06,before,coolant_temp,True,2026-04-19 00:00:00+09:00,2026-05-19 00:00:00+09:00,732,0,0,0,0,0,731,259,0,472,472,64.56908344733242,11.651544999999997,2026-04-20 07:56:40.573000+09:00,2026-05-18 17:31:34.293000+09:00,720.0,31.944603611111113,6.4738074999999995,94.66410956790125,,,,,,,
LDV_06,before,forward_braking,True,2026-04-19 00:00:00+09:00,2026-05-19 00:00:00+09:00,7284,0,0,0,0,0,7283,7037,0,246,246,3.377728957847041,28.322686111111114,2026-04-20 09:35:15.200000+09:00,2026-05-18 16:43:49.480000+09:00,720.0,33.587555555555554,7.269588888888889,94.32539660493826,,,,,,124.0,123.0
LDV_06,before,side_acceleration,True,2026-04-19 00:00:00+09:00,2026-05-19 00:00:00+09:00,7005,0,0,0,0,0,7004,6758,0,246,246,3.512278697886922,28.3226675,2026-04-20 09:35:15.200000+09:00,2026-05-18 16:43:49.480000+09:00,720.0,33.587555555555554,7.269588888888889,94.32539660493826,,,,,,137.0,116.0
LDV_06,before,up_down_acceleration,True,2026-04-19 00:00:00+09:00,2026-05-19 00:00:00+09:00,10945,0,0,0,0,0,10944,10698,0,246,246,2.2478070175438596,28.322745555555553,2026-04-20 09:35:15.200000+09:00,2026-05-18 16:43:49.480000+09:00,720.0,33.587555555555554,7.269588888888889,94.32539660493826,,,,,,,
LDV_07,before,vehicle_speed,True,2026-04-19 00:00:00+09:00,2026-05-19 00:00:00+09:00,32559,0,0,0,0,0,32558,32261,0,297,297,0.9122181952208366,87.84945277777778,2026-04-20 09:15:37.057000+09:00,2026-05-18 18:06:47.627000+09:00,720.0,33.26029361111111,5.886770277777778,94.56290779320986,,,,,,,
LDV_07,before,engine_rpm,True,2026-04-19 00:00:00+09:00,2026-05-19 00:00:00+09:00,27649,0,0,0,0,0,27648,27348,0,300,300,1.0850694444444444,87.49272388888889,2026-04-20 09:15:37.113000+09:00,2026-05-18 18:06:47.627000+09:00,720.0,33.260309166666666,5.886770277777778,94.56290563271605,,,,,,,
LDV_07,before,fuel_used,True,2026-04-19 00:00:00+09:00,2026-05-19 00:00:00+09:00,7379,0,0,0,0,0,7378,7046,0,332,332,4.4998644619137975,83.47861777777777,2026-04-20 09:15:48.680000+09:00,2026-05-18 18:07:02.787000+09:00,720.0,33.26352222222222,5.882559166666667,94.5630442515432,0.0,0.0,7378.0,0.0,0.0,,
LDV_07,before,odometer,False,2026-04-19 00:00:00+09:00,2026-05-19 00:00:00+09:00,0,0,0,0,0,0,0,0,0,0,0,,0.0,,,720.0,,,0.0,0.0,0.0,0.0,0.0,,,
LDV_07,before,raw_odometer,False,2026-04-19 00:00:00+09:00,2026-05-19 00:00:00+09:00,0,0,0,0,0,0,0,0,0,0,0,,0.0,,,720.0,,,0.0,0.0,0.0,0.0,0.0,,,
LDV_07,before,incremental_distance,True,2026-04-19 00:00:00+09:00,2026-05-19 00:00:00+09:00,1614,0,0,0,0,0,1613,942,0,671,671,41.599504029758215,44.16311805555556,2026-04-20 09:15:36.607000+09:00,2026-05-18 18:07:02.717000+09:00,720.0,33.26016861111111,5.882578611111111,94.5635073302469,,,,,,,
LDV_07,before,coolant_temp,True,2026-04-19 00:00:00+09:00,2026-05-19 00:00:00+09:00,1277,0,0,0,0,0,1276,646,0,630,630,49.3730407523511,30.123438611111112,2026-04-20 09:15:41.360000+09:00,2026-05-18 18:06:47.627000+09:00,720.0,33.26148888888889,5.886770277777778,94.56274178240741,,,,,,,
LDV_07,before,forward_braking,False,2026-04-19 00:00:00+09:00,2026-05-19 00:00:00+09:00,0,0,0,0,0,0,0,0,0,0,0,,0.0,,,720.0,,,0.0,,,,,,0.0,0.0
LDV_07,before,side_acceleration,False,2026-04-19 00:00:00+09:00,2026-05-19 00:00:00+09:00,0,0,0,0,0,0,0,0,0,0,0,,0.0,,,720.0,,,0.0,,,,,,0.0,0.0
LDV_07,before,up_down_acceleration,False,2026-04-19 00:00:00+09:00,2026-05-19 00:00:00+09:00,0,0,0,0,0,0,0,0,0,0,0,,0.0,,,720.0,,,0.0,,,,,,,
LDV_08,before,vehicle_speed,True,2026-04-19 00:00:00+09:00,2026-05-19 00:00:00+09:00,22286,0,0,0,0,0,22285,22112,0,173,173,0.7763069329145165,60.38787194444445,2026-04-20 09:22:40.357000+09:00,2026-05-18 15:10:17.550000+09:00,720.0,33.377876944444445,8.828458333333334,94.13800898919752,,,,,,,
LDV_08,before,engine_rpm,True,2026-04-19 00:00:00+09:00,2026-05-19 00:00:00+09:00,18610,0,0,0,0,0,18609,18424,0,185,185,0.9941426191627707,58.837672222222224,2026-04-20 09:22:40.413000+09:00,2026-05-18 15:10:17.550000+09:00,720.0,33.3778925,8.828458333333334,94.13800682870371,,,,,,,
LDV_08,before,fuel_used,True,2026-04-19 00:00:00+09:00,2026-05-19 00:00:00+09:00,5107,0,0,0,0,0,5106,4874,0,232,232,4.5436741088915005,50.49329583333333,2026-04-20 09:22:56.957000+09:00,2026-05-18 15:10:33.747000+09:00,720.0,33.382488055555555,8.823959166666667,94.13799344135802,1.0,1.0,5104.0,2.0,0.03916960438699569,,
LDV_08,before,odometer,False,2026-04-19 00:00:00+09:00,2026-05-19 00:00:00+09:00,0,0,0,0,0,0,0,0,0,0,0,,0.0,,,720.0,,,0.0,0.0,0.0,0.0,0.0,,,
LDV_08,before,raw_odometer,False,2026-04-19 00:00:00+09:00,2026-05-19 00:00:00+09:00,0,0,0,0,0,0,0,0,0,0,0,,0.0,,,720.0,,,0.0,0.0,0.0,0.0,0.0,,,
LDV_08,before,incremental_distance,True,2026-04-19 00:00:00+09:00,2026-05-19 00:00:00+09:00,1045,0,0,0,0,0,1044,629,0,415,415,39.75095785440613,27.327580555555556,2026-04-20 09:22:39.930000+09:00,2026-05-18 15:10:33.667000+09:00,720.0,33.37775833333333,8.823981388888889,94.13864726080247,,,,,,,
LDV_08,before,coolant_temp,True,2026-04-19 00:00:00+09:00,2026-05-19 00:00:00+09:00,600,0,0,0,0,0,599,224,0,375,375,62.604340567612695,10.587721111111112,2026-04-20 09:22:44.120000+09:00,2026-05-18 15:10:17.550000+09:00,720.0,33.37892222222222,8.828458333333334,94.13786381172841,,,,,,,
LDV_08,before,forward_braking,True,2026-04-19 00:00:00+09:00,2026-05-19 00:00:00+09:00,4366,0,0,0,0,0,4365,4104,0,261,261,5.979381443298969,20.060955277777776,2026-04-20 09:37:14.843000+09:00,2026-05-18 15:04:27.403000+09:00,720.0,33.62078972222222,8.925721388888888,94.09076234567902,,,,,,135.0,133.0
LDV_08,before,side_acceleration,True,2026-04-19 00:00:00+09:00,2026-05-19 00:00:00+09:00,4223,0,0,0,0,0,4222,3961,0,261,261,6.181904310753198,20.063585833333335,2026-04-20 09:37:14.843000+09:00,2026-05-18 15:04:27.403000+09:00,720.0,33.62078972222222,8.925721388888888,94.09076234567902,,,,,,38.0,36.0
LDV_08,before,up_down_acceleration,True,2026-04-19 00:00:00+09:00,2026-05-19 00:00:00+09:00,6549,0,0,0,0,0,6548,6287,0,261,261,3.9859499083689673,20.063618333333338,2026-04-20 09:37:14.843000+09:00,2026-05-18 15:04:27.403000+09:00,720.0,33.62078972222222,8.925721388888888,94.09076234567902,,,,,,,
HDV_01,after,vehicle_speed,True,2026-05-18 00:00:00+09:00,2026-06-18 00:00:00+09:00,26370,0,0,0,0,0,26369,25681,0,688,688,2.609124350563161,126.25330305555556,2026-05-18 00:00:02.077000+09:00,2026-06-17 20:34:03.070000+09:00,744.0,0.0005769444444444444,3.4324805555555558,99.53856754032257,,,,,,,
HDV_01,after,engine_rpm,True,2026-05-18 00:00:00+09:00,2026-06-18 00:00:00+09:00,5570,0,0,0,0,0,5569,4815,0,754,754,13.539235051176155,49.48808055555556,2026-05-18 00:01:19.003000+09:00,2026-06-17 20:34:03.020000+09:00,744.0,0.02194527777777778,3.4324944444444445,99.53569358572281,,,,,,,
HDV_01,after,fuel_used,True,2026-05-18 00:00:00+09:00,2026-06-18 00:00:00+09:00,5781,0,0,0,0,0,5780,4869,0,911,911,15.761245674740485,45.36307722222222,2026-05-18 00:07:28.050000+09:00,2026-06-17 20:34:05.147000+09:00,744.0,0.12445833333333334,3.4319036111111108,99.52199436230586,0.0,0.0,5780.0,0.0,0.0,,
HDV_01,after,odometer,True,2026-05-18 00:00:00+09:00,2026-06-18 00:00:00+09:00,5668,0,0,0,0,0,5667,5066,0,601,601,10.605258514205048,143.6550736111111,2026-05-18 00:01:06.323000+09:00,2026-06-17 20:34:05.147000+09:00,744.0,0.018423055555555554,3.4319036111111108,99.5362464157706,0.0,0.0,5667.0,0.0,0.0,,
HDV_01,after,raw_odometer,True,2026-05-18 00:00:00+09:00,2026-06-18 00:00:00+09:00,5668,0,0,0,0,0,5667,5066,0,601,601,10.605258514205048,143.6550736111111,2026-05-18 00:01:06.323000+09:00,2026-06-17 20:34:05.147000+09:00,744.0,0.018423055555555554,3.4319036111111108,99.5362464157706,0.0,0.0,5667.0,0.0,0.0,,
HDV_01,after,incremental_distance,False,2026-05-18 00:00:00+09:00,2026-06-18 00:00:00+09:00,0,0,0,0,0,0,0,0,0,0,0,,0.0,,,744.0,,,0.0,,,,,,,
HDV_01,after,coolant_temp,True,2026-05-18 00:00:00+09:00,2026-06-18 00:00:00+09:00,2991,0,0,0,0,0,2990,2085,0,905,905,30.267558528428097,46.92163861111111,2026-05-18 00:06:13.127000+09:00,2026-06-17 20:34:02.910000+09:00,744.0,0.10364638888888889,3.432525,99.5247081466547,,,,,,,
HDV_01,after,forward_braking,True,2026-05-18 00:00:00+09:00,2026-06-18 00:00:00+09:00,1068,0,0,0,0,0,1067,838,0,229,229,21.46204311152765,3.0786308333333334,2026-05-18 00:16:06.523000+09:00,2026-06-17 18:23:12.657000+09:00,744.0,0.2684786111111111,5.613150833333334,99.20945840800478,,,,,,4.0,4.0
HDV_01,after,side_acceleration,True,2026-05-18 00:00:00+09:00,2026-06-18 00:00:00+09:00,1301,0,0,0,0,0,1300,1071,0,229,229,17.615384615384617,3.0786308333333334,2026-05-18 00:16:06.523000+09:00,2026-06-17 18:23:12.657000+09:00,744.0,0.2684786111111111,5.613150833333334,99.20945840800478,,,,,,13.0,11.0
HDV_01,after,up_down_acceleration,True,2026-05-18 00:00:00+09:00,2026-06-18 00:00:00+09:00,1656,0,0,0,0,0,1655,1426,0,229,229,13.836858006042297,3.0786308333333334,2026-05-18 00:16:06.523000+09:00,2026-06-17 18:23:12.657000+09:00,744.0,0.2684786111111111,5.613150833333334,99.20945840800478,,,,,,,
HDV_02,after,vehicle_speed,True,2026-05-18 00:00:00+09:00,2026-06-18 00:00:00+09:00,32740,0,0,0,0,0,32739,32292,0,447,447,1.3653440850361953,149.10177805555554,2026-05-18 08:36:43.763000+09:00,2026-06-17 22:34:59.083000+09:00,744.0,8.612156388888888,1.416921388888889,98.65200567502987,,,,,,,
HDV_02,after,engine_rpm,True,2026-05-18 00:00:00+09:00,2026-06-18 00:00:00+09:00,9908,0,0,0,0,0,9907,9240,0,667,667,6.73261330372464,93.83163361111112,2026-05-18 08:36:43.723000+09:00,2026-06-17 22:34:45.023000+09:00,744.0,8.612145277777778,1.4208269444444444,98.65148222819593,,,,,,,
HDV_02,after,fuel_used,True,2026-05-18 00:00:00+09:00,2026-06-18 00:00:00+09:00,4789,0,0,0,0,0,4788,3996,0,792,792,16.541353383458645,39.9441325,2026-05-18 08:36:46.323000+09:00,2026-06-17 23:59:38.020000+09:00,744.0,8.6128675,0.006105555555555556,98.84153587962963,0.0,0.0,4788.0,0.0,0.0,,
HDV_02,after,odometer,True,2026-05-18 00:00:00+09:00,2026-06-18 00:00:00+09:00,5143,0,0,0,0,0,5142,4614,0,528,528,10.268378063010502,130.7702997222222,2026-05-18 08:36:43.757000+09:00,2026-06-17 22:30:51.077000+09:00,744.0,8.612154722222222,1.4858119444444444,98.6427464157706,0.0,0.0,5142.0,0.0,0.0,,
HDV_02,after,raw_odometer,True,2026-05-18 00:00:00+09:00,2026-06-18 00:00:00+09:00,5143,0,0,0,0,0,5142,4614,0,528,528,10.268378063010502,130.7702997222222,2026-05-18 08:36:43.757000+09:00,2026-06-17 22:30:51.077000+09:00,744.0,8.612154722222222,1.4858119444444444,98.6427464157706,0.0,0.0,5142.0,0.0,0.0,,
HDV_02,after,incremental_distance,False,2026-05-18 00:00:00+09:00,2026-06-18 00:00:00+09:00,0,0,0,0,0,0,0,0,0,0,0,,0.0,,,744.0,,,0.0,,,,,,,
HDV_02,after,coolant_temp,True,2026-05-18 00:00:00+09:00,2026-06-18 00:00:00+09:00,1385,0,0,0,0,0,1384,722,0,662,662,47.832369942196536,20.296501666666668,2026-05-18 08:36:43.723000+09:00,2026-06-17 22:30:51.720000+09:00,744.0,8.612145277777778,1.4856333333333334,98.64277169205495,,,,,,,
HDV_02,after,forward_braking,True,2026-05-18 00:00:00+09:00,2026-06-18 00:00:00+09:00,2379,0,0,0,0,0,2378,2014,0,364,364,15.306980656013458,9.17242611111111,2026-05-18 12:24:26.423000+09:00,2026-06-17 22:35:05.800000+09:00,744.0,12.407339722222224,1.4150555555555555,98.1421511723417,,,,,,5.0,5.0
HDV_02,after,side_acceleration,True,2026-05-18 00:00:00+09:00,2026-06-18 00:00:00+09:00,2783,0,0,0,0,0,2782,2418,0,364,364,13.084112149532709,9.17242611111111,2026-05-18 12:24:26.423000+09:00,2026-06-17 22:35:05.800000+09:00,744.0,12.407339722222224,1.4150555555555555,98.1421511723417,,,,,,50.0,47.0
HDV_02,after,up_down_acceleration,True,2026-05-18 00:00:00+09:00,2026-06-18 00:00:00+09:00,3869,0,0,0,0,0,3868,3504,0,364,364,9.410548086866598,9.172564166666666,2026-05-18 12:24:26.423000+09:00,2026-06-17 22:35:05.800000+09:00,744.0,12.407339722222224,1.4150555555555555,98.1421511723417,,,,,,,
HDV_03,after,vehicle_speed,True,2026-05-18 00:00:00+09:00,2026-06-18 00:00:00+09:00,39384,0,0,0,0,0,39383,38758,0,625,625,1.5869791534418403,175.8661061111111,2026-05-18 00:06:47.050000+09:00,2026-06-17 23:58:10.057000+09:00,744.0,0.11306944444444444,0.03053972222222222,99.98069769265234,,,,,,,
HDV_03,after,engine_rpm,True,2026-05-18 00:00:00+09:00,2026-06-18 00:00:00+09:00,9311,0,0,0,0,0,9310,8365,0,945,945,10.150375939849624,77.68260833333333,2026-05-18 00:06:48.020000+09:00,2026-06-17 23:57:54.003000+09:00,744.0,0.11333888888888888,0.034999166666666665,99.98006208930705,,,,,,,
HDV_03,after,fuel_used,True,2026-05-18 00:00:00+09:00,2026-06-18 00:00:00+09:00,6873,0,0,0,0,0,6872,5878,0,994,994,14.464493597206054,58.568469722222225,2026-05-18 00:06:48.020000+09:00,2026-06-17 23:58:09.040000+09:00,744.0,0.11333888888888888,0.03082222222222222,99.98062350657109,0.0,0.0,6872.0,0.0,0.0,,
HDV_03,after,odometer,True,2026-05-18 00:00:00+09:00,2026-06-18 00:00:00+09:00,5870,0,0,0,0,0,5869,5140,0,729,729,12.421196115181463,148.71205416666666,2026-05-18 00:44:48.077000+09:00,2026-06-17 23:13:44.267000+09:00,744.0,0.7466880555555556,0.7710369444444445,99.79600470430107,0.0,0.0,5869.0,0.0,0.0,,
HDV_03,after,raw_odometer,True,2026-05-18 00:00:00+09:00,2026-06-18 00:00:00+09:00,5870,0,0,0,0,0,5869,5140,0,729,729,12.421196115181463,148.71205416666666,2026-05-18 00:44:48.077000+09:00,2026-06-17 23:13:44.267000+09:00,744.0,0.7466880555555556,0.7710369444444445,99.79600470430107,0.0,0.0,5869.0,0.0,0.0,,
HDV_03,after,incremental_distance,False,2026-05-18 00:00:00+09:00,2026-06-18 00:00:00+09:00,0,0,0,0,0,0,0,0,0,0,0,,0.0,,,744.0,,,0.0,,,,,,,
HDV_03,after,coolant_temp,True,2026-05-18 00:00:00+09:00,2026-06-18 00:00:00+09:00,1627,0,0,0,0,0,1626,799,0,827,827,50.8610086100861,22.48811888888889,2026-05-18 00:00:09.977000+09:00,2026-06-17 23:38:26.060000+09:00,744.0,0.0027713888888888888,0.3594277777777778,99.95131731630825,,,,,,,
HDV_03,after,forward_braking,True,2026-05-18 00:00:00+09:00,2026-06-18 00:00:00+09:00,1441,0,0,0,0,0,1440,1170,0,270,270,18.75,3.8873655555555553,2026-05-18 01:14:42.237000+09:00,2026-06-17 16:19:30.823000+09:00,744.0,1.2450658333333333,7.674771388888889,98.80109714755078,,,,,,6.0,6.0
HDV_03,after,side_acceleration,True,2026-05-18 00:00:00+09:00,2026-06-18 00:00:00+09:00,1637,0,0,0,0,0,1636,1366,0,270,270,16.503667481662593,3.887458055555555,2026-05-18 01:14:42.237000+09:00,2026-06-17 16:19:30.823000+09:00,744.0,1.2450658333333333,7.674771388888889,98.80109714755078,,,,,,21.0,21.0
HDV_03,after,up_down_acceleration,True,2026-05-18 00:00:00+09:00,2026-06-18 00:00:00+09:00,2318,0,0,0,0,0,2317,2047,0,270,270,11.652999568407424,3.88778,2026-05-18 01:14:42.237000+09:00,2026-06-17 16:19:30.823000+09:00,744.0,1.2450658333333333,7.674771388888889,98.80109714755078,,,,,,,
HDV_04,after,vehicle_speed,True,2026-05-18 00:00:00+09:00,2026-06-18 00:00:00+09:00,39896,0,0,0,0,0,39895,39633,0,262,262,0.6567239002381251,150.7049338888889,2026-05-18 11:11:52.047000+09:00,2026-06-17 19:50:11.047000+09:00,744.0,11.197790833333332,4.163598055555555,97.93529719235364,,,,,,,
HDV_04,after,engine_rpm,True,2026-05-18 00:00:00+09:00,2026-06-18 00:00:00+09:00,8432,0,0,0,0,0,8431,7840,0,591,591,7.0098446210413945,73.09429111111112,2026-05-18 11:10:36.247000+09:00,2026-06-17 19:48:47.007000+09:00,744.0,11.176735277777778,4.1869425,97.9349895459976,,,,,,,
HDV_04,after,fuel_used,True,2026-05-18 00:00:00+09:00,2026-06-18 00:00:00+09:00,919,0,0,0,0,0,918,386,0,532,532,57.9520697167756,5.297182222222222,2026-05-18 11:10:36.280000+09:00,2026-06-17 19:50:11.320000+09:00,744.0,11.176744444444443,4.163522222222222,97.93813620071684,0.0,0.0,918.0,0.0,0.0,,
HDV_04,after,odometer,True,2026-05-18 00:00:00+09:00,2026-06-18 00:00:00+09:00,8612,0,0,0,0,0,8611,8308,0,303,303,3.518755080710719,147.73483944444445,2026-05-18 11:10:36.317000+09:00,2026-06-17 19:50:11.197000+09:00,744.0,11.176754722222222,4.163556388888889,97.93813022700118,0.0,0.0,8611.0,0.0,0.0,,
HDV_04,after,raw_odometer,True,2026-05-18 00:00:00+09:00,2026-06-18 00:00:00+09:00,8612,0,0,0,0,0,8611,8308,0,303,303,3.518755080710719,147.73483944444445,2026-05-18 11:10:36.317000+09:00,2026-06-17 19:50:11.197000+09:00,744.0,11.176754722222222,4.163556388888889,97.93813022700118,0.0,0.0,8611.0,0.0,0.0,,
HDV_04,after,incremental_distance,True,2026-05-18 00:00:00+09:00,2026-06-18 00:00:00+09:00,4704,0,0,0,0,0,4703,4274,0,429,429,9.121837125239209,132.52728444444443,2026-05-18 11:10:36.220000+09:00,2026-06-17 19:50:11.047000+09:00,744.0,11.176727777777778,4.163598055555555,97.93812824820789,,,,,,,
HDV_04,after,coolant_temp,True,2026-05-18 00:00:00+09:00,2026-06-18 00:00:00+09:00,688,0,0,0,0,0,687,355,0,332,332,48.32605531295487,5.0289383333333335,2026-05-18 11:10:36.313000+09:00,2026-06-17 19:50:11.047000+09:00,744.0,11.176753611111112,4.163598055555555,97.93812477598567,,,,,,,
HDV_04,after,forward_braking,True,2026-05-18 00:00:00+09:00,2026-06-18 00:00:00+09:00,1392,0,0,0,0,0,1391,1171,0,220,220,15.815959741193385,5.272610833333333,2026-05-18 13:33:18.550000+09:00,2026-06-17 19:36:06.110000+09:00,744.0,13.555152777777778,4.3983027777777775,97.58690113500596,,,,,,0.0,0.0
HDV_04,after,side_acceleration,True,2026-05-18 00:00:00+09:00,2026-06-18 00:00:00+09:00,1690,0,0,0,0,0,1689,1469,0,220,220,13.025458851391356,5.273350555555555,2026-05-18 13:33:18.550000+09:00,2026-06-17 19:36:06.110000+09:00,744.0,13.555152777777778,4.3983027777777775,97.58690113500596,,,,,,31.0,29.0
HDV_04,after,up_down_acceleration,True,2026-05-18 00:00:00+09:00,2026-06-18 00:00:00+09:00,2341,0,0,0,0,0,2340,2120,0,220,220,9.401709401709402,5.274493333333333,2026-05-18 13:33:18.550000+09:00,2026-06-17 19:36:06.110000+09:00,744.0,13.555152777777778,4.3983027777777775,97.58690113500596,,,,,,,
LDV_01,after,vehicle_speed,True,2026-05-18 00:00:00+09:00,2026-06-18 00:00:00+09:00,30361,0,0,0,0,0,30360,30115,0,245,245,0.8069828722002635,86.64121777777778,2026-05-18 09:30:57.233000+09:00,2026-06-17 17:02:06.767000+09:00,744.0,9.515898055555555,6.964786944444445,97.78485416666666,,,,,,,
LDV_01,after,engine_rpm,True,2026-05-18 00:00:00+09:00,2026-06-18 00:00:00+09:00,23854,0,0,0,0,0,23853,23570,0,283,283,1.1864335722969859,82.38400361111111,2026-05-18 09:30:57.290000+09:00,2026-06-17 17:02:06.767000+09:00,744.0,9.515913888888889,6.964786944444445,97.78485203853047,,,,,,,
LDV_01,after,fuel_used,True,2026-05-18 00:00:00+09:00,2026-06-18 00:00:00+09:00,6636,0,0,0,0,0,6635,6269,0,366,366,5.516201959306707,66.32292111111111,2026-05-18 09:31:10.127000+09:00,2026-06-17 17:02:23.977000+09:00,744.0,9.519479722222222,6.960006388888889,97.78501530764636,1.0,1.0,6633.0,2.0,0.030143180105501127,,
LDV_01,after,odometer,False,2026-05-18 00:00:00+09:00,2026-06-18 00:00:00+09:00,0,0,0,0,0,0,0,0,0,0,0,,0.0,,,744.0,,,0.0,0.0,0.0,0.0,0.0,,,
LDV_01,after,raw_odometer,False,2026-05-18 00:00:00+09:00,2026-06-18 00:00:00+09:00,0,0,0,0,0,0,0,0,0,0,0,,0.0,,,744.0,,,0.0,0.0,0.0,0.0,0.0,,,
LDV_01,after,incremental_distance,True,2026-05-18 00:00:00+09:00,2026-06-18 00:00:00+09:00,1710,0,0,0,0,0,1709,1153,0,556,556,32.53364540667057,44.54928555555556,2026-05-18 09:30:56.787000+09:00,2026-06-17 17:02:23.857000+09:00,744.0,9.515774166666665,6.960039722222223,97.78550888590202,,,,,,,
LDV_01,after,coolant_temp,True,2026-05-18 00:00:00+09:00,2026-06-18 00:00:00+09:00,921,0,0,0,0,0,920,429,0,491,491,53.369565217391305,20.7464525,2026-05-18 09:31:01.527000+09:00,2026-06-17 17:02:06.767000+09:00,744.0,9.517090833333334,6.964786944444445,97.78469384707287,,,,,,,
LDV_01,after,forward_braking,True,2026-05-18 00:00:00+09:00,2026-06-18 00:00:00+09:00,5377,0,0,0,0,0,5376,4954,0,422,422,7.8497023809523805,19.62948888888889,2026-05-18 09:37:25.687000+09:00,2026-06-17 17:01:15.860000+09:00,744.0,9.623801944444445,6.978927777777778,97.76845030615293,,,,,,50.0,45.0
LDV_01,after,side_acceleration,True,2026-05-18 00:00:00+09:00,2026-06-18 00:00:00+09:00,5790,0,0,0,0,0,5789,5367,0,422,422,7.289687338054931,19.6297,2026-05-18 09:37:25.687000+09:00,2026-06-17 17:01:15.860000+09:00,744.0,9.623801944444445,6.978927777777778,97.76845030615293,,,,,,117.0,98.0
LDV_01,after,up_down_acceleration,True,2026-05-18 00:00:00+09:00,2026-06-18 00:00:00+09:00,8514,0,0,0,0,0,8513,8091,0,422,422,4.957124397979561,19.630897222222224,2026-05-18 09:37:25.687000+09:00,2026-06-17 17:01:15.860000+09:00,744.0,9.623801944444445,6.978927777777778,97.76845030615293,,,,,,,
LDV_02,after,vehicle_speed,True,2026-05-18 00:00:00+09:00,2026-06-18 00:00:00+09:00,24481,0,0,0,0,0,24480,24264,0,216,216,0.8823529411764706,65.81626444444446,2026-05-18 12:49:26.793000+09:00,2026-06-17 17:33:01.017000+09:00,744.0,12.824109166666666,6.4497175,97.40943189964158,,,,,,,
LDV_02,after,engine_rpm,True,2026-05-18 00:00:00+09:00,2026-06-18 00:00:00+09:00,17579,0,0,0,0,0,17578,17337,0,241,241,1.3710319717829105,62.6619275,2026-05-18 12:49:26.853000+09:00,2026-06-17 17:33:01.017000+09:00,744.0,12.824125833333333,6.4497175,97.4094296594982,,,,,,,
LDV_02,after,fuel_used,True,2026-05-18 00:00:00+09:00,2026-06-18 00:00:00+09:00,4593,0,0,0,0,0,4592,4224,0,368,368,8.013937282229964,41.26732805555555,2026-05-18 12:49:41.050000+09:00,2026-06-17 17:33:17.717000+09:00,744.0,12.828069444444445,6.445078611111111,97.40952311081243,0.0,0.0,4592.0,0.0,0.0,,
LDV_02,after,odometer,False,2026-05-18 00:00:00+09:00,2026-06-18 00:00:00+09:00,0,0,0,0,0,0,0,0,0,0,0,,0.0,,,744.0,,,0.0,0.0,0.0,0.0,0.0,,,
LDV_02,after,raw_odometer,False,2026-05-18 00:00:00+09:00,2026-06-18 00:00:00+09:00,0,0,0,0,0,0,0,0,0,0,0,,0.0,,,744.0,,,0.0,0.0,0.0,0.0,0.0,,,
LDV_02,after,incremental_distance,True,2026-05-18 00:00:00+09:00,2026-06-18 00:00:00+09:00,1414,0,0,0,0,0,1413,960,0,453,453,32.05944798301486,33.803980277777775,2026-05-18 12:49:26.353000+09:00,2026-06-17 17:33:17.590000+09:00,744.0,12.823986944444446,6.445113888888889,97.41006709229391,,,,,,,
LDV_02,after,coolant_temp,True,2026-05-18 00:00:00+09:00,2026-06-18 00:00:00+09:00,659,0,0,0,0,0,658,221,0,437,437,66.41337386018236,9.954931944444443,2026-05-18 12:49:31.883000+09:00,2026-06-17 17:32:51.573000+09:00,744.0,12.825523055555555,6.452340833333333,97.40888926224612,,,,,,,
LDV_02,after,forward_braking,True,2026-05-18 00:00:00+09:00,2026-06-18 00:00:00+09:00,1463,0,0,0,0,0,1462,1181,0,281,281,19.220246238030096,5.571634444444444,2026-05-18 13:49:22.753000+09:00,2026-06-17 17:28:22.207000+09:00,744.0,13.822986944444443,6.527164722222222,97.26476456093191,,,,,,10.0,7.0
LDV_02,after,side_acceleration,True,2026-05-18 00:00:00+09:00,2026-06-18 00:00:00+09:00,1636,0,0,0,0,0,1635,1354,0,281,281,17.186544342507645,5.571634444444444,2026-05-18 13:49:22.753000+09:00,2026-06-17 17:28:22.207000+09:00,744.0,13.822986944444443,6.527164722222222,97.26476456093191,,,,,,25.0,24.0
LDV_02,after,up_down_acceleration,True,2026-05-18 00:00:00+09:00,2026-06-18 00:00:00+09:00,2463,0,0,0,0,0,2462,2181,0,281,281,11.413484971567831,5.573917222222222,2026-05-18 13:49:22.753000+09:00,2026-06-17 17:28:22.207000+09:00,744.0,13.822986944444443,6.527164722222222,97.26476456093191,,,,,,,
LDV_03,after,vehicle_speed,True,2026-05-18 00:00:00+09:00,2026-06-18 00:00:00+09:00,37445,0,0,0,0,0,37444,37169,0,275,275,0.7344300822561692,122.48534083333332,2026-05-18 09:24:12.120000+09:00,2026-06-17 17:40:01.307000+09:00,744.0,9.403366666666667,6.332970277777777,97.88490094832736,,,,,,,
LDV_03,after,engine_rpm,True,2026-05-18 00:00:00+09:00,2026-06-18 00:00:00+09:00,22656,0,0,0,0,0,22655,22334,0,321,321,1.4169057603178108,116.09060555555556,2026-05-18 09:24:12.180000+09:00,2026-06-17 17:40:01.307000+09:00,744.0,9.403383333333334,6.332970277777777,97.88489870818398,,,,,,,
LDV_03,after,fuel_used,True,2026-05-18 00:00:00+09:00,2026-06-18 00:00:00+09:00,10141,0,0,0,0,0,10140,9754,0,386,386,3.806706114398422,105.37165611111111,2026-05-18 09:24:25.103000+09:00,2026-06-17 17:40:16.987000+09:00,744.0,9.406973055555556,6.3286147222222215,97.88500164277181,0.0,0.0,10140.0,0.0,0.0,,
LDV_03,after,odometer,False,2026-05-18 00:00:00+09:00,2026-06-18 00:00:00+09:00,0,0,0,0,0,0,0,0,0,0,0,,0.0,,,744.0,,,0.0,0.0,0.0,0.0,0.0,,,
LDV_03,after,raw_odometer,False,2026-05-18 00:00:00+09:00,2026-06-18 00:00:00+09:00,0,0,0,0,0,0,0,0,0,0,0,,0.0,,,744.0,,,0.0,0.0,0.0,0.0,0.0,,,
LDV_03,after,incremental_distance,True,2026-05-18 00:00:00+09:00,2026-06-18 00:00:00+09:00,2122,0,0,0,0,0,2121,1381,0,740,740,34.88920320603489,58.53576416666667,2026-05-18 09:24:11.720000+09:00,2026-06-17 17:40:16.863000+09:00,744.0,9.403255555555555,6.328649166666667,97.88549667712067,,,,,,,
LDV_03,after,coolant_temp,True,2026-05-18 00:00:00+09:00,2026-06-18 00:00:00+09:00,1409,0,0,0,0,0,1408,792,0,616,616,43.75,41.481494999999995,2026-05-18 09:24:16.457000+09:00,2026-06-17 17:40:01.307000+09:00,744.0,9.40457138888889,6.332970277777777,97.8847390232975,,,,,,,
LDV_03,after,forward_braking,True,2026-05-18 00:00:00+09:00,2026-06-18 00:00:00+09:00,3542,0,0,0,0,0,3541,3082,0,459,459,12.962439988703755,12.261966944444444,2026-05-18 09:26:04.473000+09:00,2026-06-17 17:38:16.267000+09:00,744.0,9.434575833333334,6.362148055555555,97.87678442353645,,,,,,12.0,11.0
LDV_03,after,side_acceleration,True,2026-05-18 00:00:00+09:00,2026-06-18 00:00:00+09:00,4450,0,0,0,0,0,4449,3990,0,459,459,10.316925151719488,12.261395277777778,2026-05-18 09:26:04.473000+09:00,2026-06-17 17:38:16.267000+09:00,744.0,9.434575833333334,6.362148055555555,97.87678442353645,,,,,,87.0,70.0
LDV_03,after,up_down_acceleration,True,2026-05-18 00:00:00+09:00,2026-06-18 00:00:00+09:00,6030,0,0,0,0,0,6029,5570,0,459,459,7.613202852877758,12.262016944444444,2026-05-18 09:26:04.473000+09:00,2026-06-17 17:38:16.267000+09:00,744.0,9.434575833333334,6.362148055555555,97.87678442353645,,,,,,,
LDV_04,after,vehicle_speed,True,2026-05-18 00:00:00+09:00,2026-06-18 00:00:00+09:00,31330,0,0,0,0,0,31329,31054,0,275,275,0.8777809697085767,83.89665972222221,2026-05-18 09:23:10.527000+09:00,2026-06-17 18:31:33.620000+09:00,744.0,9.386257500000001,5.473994444444445,98.0026543085424,,,,,,,
LDV_04,after,engine_rpm,True,2026-05-18 00:00:00+09:00,2026-06-18 00:00:00+09:00,29612,0,0,0,1,0,29611,29278,0,332,333,1.1245820809834182,75.91284194444445,2026-05-18 09:23:10.647000+09:00,2026-06-17 18:31:33.620000+09:00,744.0,9.386290833333332,5.473994444444445,98.00264982825568,,,,,,,
LDV_04,after,fuel_used,True,2026-05-18 00:00:00+09:00,2026-06-18 00:00:00+09:00,7460,0,0,0,0,0,7459,7060,0,399,399,5.34924252580775,61.816133888888885,2026-05-18 10:18:10.047000+09:00,2026-06-17 18:32:16.613000+09:00,744.0,10.302790833333333,5.462051944444444,97.8810695191159,0.0,3.0,7456.0,3.0,0.040219868615095855,,
LDV_04,after,odometer,True,2026-05-18 00:00:00+09:00,2026-06-18 00:00:00+09:00,1885,0,0,0,0,0,1884,1273,0,611,611,32.430997876857745,36.23237777777778,2026-05-18 09:23:15.707000+09:00,2026-06-17 18:32:16.487000+09:00,744.0,9.38769638888889,5.462086944444444,98.00406137992832,0.0,0.0,1884.0,0.0,0.0,,
LDV_04,after,raw_odometer,True,2026-05-18 00:00:00+09:00,2026-06-18 00:00:00+09:00,1885,0,0,0,0,0,1884,1273,0,611,611,32.430997876857745,36.23237777777778,2026-05-18 09:23:15.707000+09:00,2026-06-17 18:32:16.487000+09:00,744.0,9.38769638888889,5.462086944444444,98.00406137992832,0.0,0.0,1884.0,0.0,0.0,,
LDV_04,after,incremental_distance,False,2026-05-18 00:00:00+09:00,2026-06-18 00:00:00+09:00,0,0,0,0,0,0,0,0,0,0,0,,0.0,,,744.0,,,0.0,,,,,,,
LDV_04,after,coolant_temp,False,2026-05-18 00:00:00+09:00,2026-06-18 00:00:00+09:00,0,0,0,0,0,0,0,0,0,0,0,,0.0,,,744.0,,,0.0,,,,,,,
LDV_04,after,forward_braking,True,2026-05-18 00:00:00+09:00,2026-06-18 00:00:00+09:00,6428,0,0,0,0,0,6427,6034,0,393,393,6.114828069083554,29.169151666666664,2026-05-18 09:25:29.147000+09:00,2026-06-17 18:26:33.573000+09:00,744.0,9.424763055555555,5.557340833333333,97.98627635902031,,,,,,153.0,146.0
LDV_04,after,side_acceleration,True,2026-05-18 00:00:00+09:00,2026-06-18 00:00:00+09:00,6323,0,0,0,0,0,6322,5929,0,393,393,6.21638721923442,29.17026777777778,2026-05-18 09:25:29.147000+09:00,2026-06-17 18:26:33.573000+09:00,744.0,9.424763055555555,5.557340833333333,97.98627635902031,,,,,,115.0,110.0
LDV_04,after,up_down_acceleration,True,2026-05-18 00:00:00+09:00,2026-06-18 00:00:00+09:00,9357,0,0,0,0,0,9356,8963,0,393,393,4.200513039760581,29.171043333333337,2026-05-18 09:25:29.147000+09:00,2026-06-17 18:26:33.573000+09:00,744.0,9.424763055555555,5.557340833333333,97.98627635902031,,,,,,,
LDV_05,after,vehicle_speed,True,2026-05-19 00:00:00+09:00,2026-06-19 00:00:00+09:00,33705,0,0,0,0,0,33704,33415,0,289,289,0.8574649893187751,88.69600361111111,2026-05-19 09:11:50.177000+09:00,2026-06-18 17:03:35.727000+09:00,744.0,9.19727138888889,6.940075833333333,97.83100171744324,,,,,,,
LDV_05,after,engine_rpm,True,2026-05-19 00:00:00+09:00,2026-06-19 00:00:00+09:00,30653,0,0,0,0,0,30652,30347,0,305,305,0.9950411066162077,87.09386277777779,2026-05-19 09:11:50.230000+09:00,2026-06-18 17:03:35.727000+09:00,744.0,9.197286111111111,6.940075833333333,97.83099973864994,,,,,,,
LDV_05,after,fuel_used,True,2026-05-19 00:00:00+09:00,2026-06-19 00:00:00+09:00,7292,0,0,0,0,0,7291,6952,0,339,339,4.649567960499246,80.58357861111112,2026-05-19 09:12:04.597000+09:00,2026-06-18 17:03:51.447000+09:00,744.0,9.201276944444444,6.935709166666666,97.8310502538829,0.0,0.0,7291.0,0.0,0.0,,
LDV_05,after,odometer,False,2026-05-19 00:00:00+09:00,2026-06-19 00:00:00+09:00,0,0,0,0,0,0,0,0,0,0,0,,0.0,,,744.0,,,0.0,0.0,0.0,0.0,0.0,,,
LDV_05,after,raw_odometer,False,2026-05-19 00:00:00+09:00,2026-06-19 00:00:00+09:00,0,0,0,0,0,0,0,0,0,0,0,,0.0,,,744.0,,,0.0,0.0,0.0,0.0,0.0,,,
LDV_05,after,incremental_distance,True,2026-05-19 00:00:00+09:00,2026-06-19 00:00:00+09:00,1802,0,0,0,0,0,1801,1162,0,639,639,35.480288728484176,46.27078555555555,2026-05-19 09:11:49.733000+09:00,2026-06-18 17:03:51.323000+09:00,744.0,9.197148055555555,6.935743611111111,97.83160058243726,,,,,,,
LDV_05,after,coolant_temp,True,2026-05-19 00:00:00+09:00,2026-06-19 00:00:00+09:00,1221,0,0,0,0,0,1220,616,0,604,604,49.50819672131148,26.45127527777778,2026-05-19 09:11:54.333000+09:00,2026-06-18 17:03:29.647000+09:00,744.0,9.198425833333333,6.941764722222222,97.83061954898446,,,,,,,
LDV_05,after,forward_braking,True,2026-05-19 00:00:00+09:00,2026-06-19 00:00:00+09:00,11752,0,0,0,0,0,11751,11311,0,440,440,3.7443621819419626,45.23043138888888,2026-05-19 10:02:32.587000+09:00,2026-06-18 16:56:31.057000+09:00,744.0,10.042385277777777,7.058039722222222,97.70155577956989,,,,,,221.0,215.0
LDV_05,after,side_acceleration,True,2026-05-19 00:00:00+09:00,2026-06-19 00:00:00+09:00,13062,0,0,0,0,0,13061,12621,0,440,440,3.368807901385805,45.230171111111105,2026-05-19 10:02:32.587000+09:00,2026-06-18 16:56:31.057000+09:00,744.0,10.042385277777777,7.058039722222222,97.70155577956989,,,,,,460.0,373.0
LDV_05,after,up_down_acceleration,True,2026-05-19 00:00:00+09:00,2026-06-19 00:00:00+09:00,19098,0,0,0,0,0,19097,18657,0,440,440,2.304026810493795,45.23063694444445,2026-05-19 10:02:32.587000+09:00,2026-06-18 16:56:31.057000+09:00,744.0,10.042385277777777,7.058039722222222,97.70155577956989,,,,,,,
LDV_06,after,vehicle_speed,True,2026-05-19 00:00:00+09:00,2026-06-19 00:00:00+09:00,24680,0,0,0,0,0,24679,24395,0,284,284,1.1507759633696666,67.66392555555555,2026-05-19 08:38:58.487000+09:00,2026-06-18 17:29:59.247000+09:00,744.0,8.649579722222223,6.500209166666667,97.9637380525687,,,,,,,
LDV_06,after,engine_rpm,True,2026-05-19 00:00:00+09:00,2026-06-19 00:00:00+09:00,22790,0,0,0,0,0,22789,22492,0,297,297,1.3032603449032427,66.08612333333333,2026-05-19 08:38:58.543000+09:00,2026-06-18 17:30:01.447000+09:00,744.0,8.649595277777777,6.4995980555555555,97.96381810035842,,,,,,,
LDV_06,after,fuel_used,True,2026-05-19 00:00:00+09:00,2026-06-19 00:00:00+09:00,5035,0,0,0,0,0,5034,4704,0,330,330,6.555423122765197,60.82339388888889,2026-05-19 08:40:06.977000+09:00,2026-06-18 17:30:16.840000+09:00,744.0,8.668604722222222,6.495322222222222,97.96183777628434,0.0,0.0,5034.0,0.0,0.0,,
LDV_06,after,odometer,False,2026-05-19 00:00:00+09:00,2026-06-19 00:00:00+09:00,0,0,0,0,0,0,0,0,0,0,0,,0.0,,,744.0,,,0.0,0.0,0.0,0.0,0.0,,,
LDV_06,after,raw_odometer,False,2026-05-19 00:00:00+09:00,2026-06-19 00:00:00+09:00,0,0,0,0,0,0,0,0,0,0,0,,0.0,,,744.0,,,0.0,0.0,0.0,0.0,0.0,,,
LDV_06,after,incremental_distance,True,2026-05-19 00:00:00+09:00,2026-06-19 00:00:00+09:00,1264,0,0,0,0,0,1263,721,0,542,542,42.913697545526524,32.61404805555556,2026-05-19 08:38:58.043000+09:00,2026-06-18 17:30:16.720000+09:00,744.0,8.64945638888889,6.495355555555555,97.96440699671446,,,,,,,
LDV_06,after,coolant_temp,True,2026-05-19 00:00:00+09:00,2026-06-19 00:00:00+09:00,758,0,0,0,0,0,757,270,0,487,487,64.33289299867899,12.285654444444445,2026-05-19 08:39:03.710000+09:00,2026-06-18 17:29:43.343000+09:00,744.0,8.651030555555556,6.5046269444444444,97.96294926075268,,,,,,,
LDV_06,after,forward_braking,True,2026-05-19 00:00:00+09:00,2026-06-19 00:00:00+09:00,3440,0,0,0,0,0,3439,3239,0,200,200,5.815644082582145,15.23667472222222,2026-05-19 09:03:23.780000+09:00,2026-06-18 14:45:42.593000+09:00,744.0,9.056605555555555,9.23816861111111,97.54102497759857,,,,,,57.0,53.0
LDV_06,after,side_acceleration,True,2026-05-19 00:00:00+09:00,2026-06-19 00:00:00+09:00,3391,0,0,0,0,0,3390,3190,0,200,200,5.899705014749262,15.238500833333335,2026-05-19 09:03:23.780000+09:00,2026-06-18 14:45:42.593000+09:00,744.0,9.056605555555555,9.23816861111111,97.54102497759857,,,,,,68.0,57.0
LDV_06,after,up_down_acceleration,True,2026-05-19 00:00:00+09:00,2026-06-19 00:00:00+09:00,5278,0,0,0,0,0,5277,5077,0,200,200,3.79003221527383,15.238850833333332,2026-05-19 09:03:23.780000+09:00,2026-06-18 14:45:42.593000+09:00,744.0,9.056605555555555,9.23816861111111,97.54102497759857,,,,,,,
LDV_07,after,vehicle_speed,True,2026-05-19 00:00:00+09:00,2026-06-19 00:00:00+09:00,40059,0,0,0,0,0,40058,39743,0,315,315,0.7863597783214339,108.87634833333333,2026-05-19 09:15:19.103000+09:00,2026-06-18 17:02:28.710000+09:00,744.0,9.25530638888889,6.958691666666667,97.82069918608123,,,,,,,
LDV_07,after,engine_rpm,True,2026-05-19 00:00:00+09:00,2026-06-19 00:00:00+09:00,33323,0,0,0,0,0,33322,33004,0,318,318,0.9543244703199086,108.75977944444445,2026-05-19 09:15:19.157000+09:00,2026-06-18 17:02:28.710000+09:00,744.0,9.25532138888889,6.958691666666667,97.82069716995221,,,,,,,
LDV_07,after,fuel_used,True,2026-05-19 00:00:00+09:00,2026-06-19 00:00:00+09:00,8522,0,0,0,0,0,8521,8156,0,365,365,4.283534796385401,102.5403163888889,2026-05-19 09:15:53.003000+09:00,2026-06-18 17:02:43.867000+09:00,744.0,9.264723055555555,6.9544813888888894,97.81999940262843,0.0,0.0,8521.0,0.0,0.0,,
LDV_07,after,odometer,False,2026-05-19 00:00:00+09:00,2026-06-19 00:00:00+09:00,0,0,0,0,0,0,0,0,0,0,0,,0.0,,,744.0,,,0.0,0.0,0.0,0.0,0.0,,,
LDV_07,after,raw_odometer,False,2026-05-19 00:00:00+09:00,2026-06-19 00:00:00+09:00,0,0,0,0,0,0,0,0,0,0,0,,0.0,,,744.0,,,0.0,0.0,0.0,0.0,0.0,,,
LDV_07,after,incremental_distance,True,2026-05-19 00:00:00+09:00,2026-06-19 00:00:00+09:00,1877,0,0,0,0,0,1876,1082,0,794,794,42.324093816631134,52.158969166666665,2026-05-19 09:15:18.653000+09:00,2026-06-18 17:02:43.753000+09:00,744.0,9.255181388888888,6.954513055555555,97.8212776284349,,,,,,,
LDV_07,after,coolant_temp,True,2026-05-19 00:00:00+09:00,2026-06-19 00:00:00+09:00,1453,0,0,0,0,0,1452,728,0,724,724,49.862258953168045,35.50839388888889,2026-05-19 09:15:23.557000+09:00,2026-06-18 17:02:19.927000+09:00,744.0,9.25654361111111,6.961131388888889,97.82020497311828,,,,,,,
LDV_07,after,forward_braking,False,2026-05-19 00:00:00+09:00,2026-06-19 00:00:00+09:00,0,0,0,0,0,0,0,0,0,0,0,,0.0,,,744.0,,,0.0,,,,,,0.0,0.0
LDV_07,after,side_acceleration,False,2026-05-19 00:00:00+09:00,2026-06-19 00:00:00+09:00,0,0,0,0,0,0,0,0,0,0,0,,0.0,,,744.0,,,0.0,,,,,,0.0,0.0
LDV_07,after,up_down_acceleration,False,2026-05-19 00:00:00+09:00,2026-06-19 00:00:00+09:00,0,0,0,0,0,0,0,0,0,0,0,,0.0,,,744.0,,,0.0,,,,,,,
LDV_08,after,vehicle_speed,True,2026-05-19 00:00:00+09:00,2026-06-19 00:00:00+09:00,28943,0,0,0,0,0,28942,28755,0,187,187,0.6461198258586138,69.47801722222223,2026-05-19 09:09:40.723000+09:00,2026-06-18 17:44:05.810000+09:00,744.0,9.161311944444444,6.265052777777777,97.92656388142174,,,,,,,
LDV_08,after,engine_rpm,True,2026-05-19 00:00:00+09:00,2026-06-19 00:00:00+09:00,28927,0,0,0,0,0,28926,28733,0,193,193,0.6672198022540275,68.66428833333335,2026-05-19 09:09:40.777000+09:00,2026-06-18 17:44:05.810000+09:00,744.0,9.161326944444445,6.265052777777777,97.92656186529271,,,,,,,
LDV_08,after,fuel_used,True,2026-05-19 00:00:00+09:00,2026-06-19 00:00:00+09:00,5979,0,0,0,0,0,5978,5710,0,268,268,4.483104717296755,57.237293611111106,2026-05-19 09:09:58.343000+09:00,2026-06-18 17:44:21.047000+09:00,744.0,9.16620638888889,6.260820277777778,97.92647491039426,0.0,1.0,5977.0,1.0,0.01672800267648043,,
LDV_08,after,odometer,False,2026-05-19 00:00:00+09:00,2026-06-19 00:00:00+09:00,0,0,0,0,0,0,0,0,0,0,0,,0.0,,,744.0,,,0.0,0.0,0.0,0.0,0.0,,,
LDV_08,after,raw_odometer,False,2026-05-19 00:00:00+09:00,2026-06-19 00:00:00+09:00,0,0,0,0,0,0,0,0,0,0,0,,0.0,,,744.0,,,0.0,0.0,0.0,0.0,0.0,,,
LDV_08,after,incremental_distance,True,2026-05-19 00:00:00+09:00,2026-06-19 00:00:00+09:00,1304,0,0,0,0,0,1303,861,0,442,442,33.92171910974674,36.53503805555555,2026-05-19 09:09:40.320000+09:00,2026-06-18 17:44:20.967000+09:00,744.0,9.1612,6.2608425,97.92714482526881,,,,,,,
LDV_08,after,coolant_temp,True,2026-05-19 00:00:00+09:00,2026-06-19 00:00:00+09:00,738,0,0,0,0,0,737,341,0,396,396,53.73134328358209,14.940249999999999,2026-05-19 09:09:45.253000+09:00,2026-06-18 17:44:05.810000+09:00,744.0,9.162570277777776,6.265052777777777,97.92639475059738,,,,,,,
LDV_08,after,forward_braking,True,2026-05-19 00:00:00+09:00,2026-06-19 00:00:00+09:00,7475,0,0,0,0,0,7474,7153,0,321,321,4.294888948354295,31.506983055555555,2026-05-19 09:08:38.967000+09:00,2026-06-18 17:30:34.417000+09:00,744.0,9.144157499999999,6.490439722222222,97.89857564217444,,,,,,283.0,274.0
LDV_08,after,side_acceleration,True,2026-05-19 00:00:00+09:00,2026-06-19 00:00:00+09:00,6920,0,0,0,0,0,6919,6598,0,321,321,4.639398757045816,31.50729388888889,2026-05-19 09:08:38.967000+09:00,2026-06-18 17:30:34.417000+09:00,744.0,9.144157499999999,6.490439722222222,97.89857564217444,,,,,,85.0,80.0
LDV_08,after,up_down_acceleration,True,2026-05-19 00:00:00+09:00,2026-06-19 00:00:00+09:00,10875,0,0,0,0,0,10874,10553,0,321,321,2.951995585800993,31.508222777777778,2026-05-19 09:08:38.967000+09:00,2026-06-18 17:30:34.417000+09:00,744.0,9.144157499999999,6.490439722222222,97.89857564217444,,,,,,,
